CREATE TABLE DEPART
(
	DEPT_NO INTEGER(10),
	DNOMBRE VARCHAR(20),
	LOC VARCHAR(20),
	CONSTRAINT PK_DEPT PRIMARY KEY (DEPT_NO)
);

CREATE TABLE EMPLE 
(
	EMP_NO INTEGER(10),
	APELLIDO VARCHAR(20),
	OFICIO VARCHAR(20),
	DIR INTEGER(10),
	FECHA_ALT DATE,
	SALARIO INTEGER(10),
	COMISION INTEGER(10),
	DEPT_NO INTEGER(10),
	CONSTRAINT PK_EMPLE PRIMARY KEY (EMP_NO),
	CONSTRAINT FK_EMPLE FOREIGN KEY (DEPT_NO) REFERENCES DEPART(DEPT_NO)
);

CREATE TABLE HERRAMIENTAS
(
	DESCRIPCION VARCHAR(20),
	ESTANTERIA INT(10),
	UNIDADES INT(10),
	CONSTRAINT PK_HE PRIMARY KEY (DESCRIPCION)
);

CREATE TABLE HOSPITALES 
(
	COD_HOSPITAL INT(10),
	NOMBRE VARCHAR(20),
	DIRECCION VARCHAR(50),
	NUM_PLAZAS INT (10),
	CONSTRAINT PK_HO PRIMARY KEY (COD_HOSPITAL)
);

CREATE TABLE PERSONAS
(
	DNI VARCHAR(9),
	COD_HOSPITAL INT(10),
	APELLIDOS VARCHAR(30),
	FUNCION VARCHAR(20),
	SALARIO INT(10),
	CONSTRAINT PK_PER PRIMARY KEY (DNI),
	CONSTRAINT FK_PER FOREIGN KEY (COD_HOSPITAL) REFERENCES HOSPITALES(COD_HOSPITAL)
);

CREATE TABLE MEDICOS
(
	
	DNI INT(9),
	COD_HOSPITAL INT(1),
	APELLIDOS VARCHAR(50),
	ESPECIALIDAD VARCHAR(30),
	CONSTRAINT PK_MEDICOS PRIMARY KEY (DNI),
	CONSTRAINT FK1_MEDICOS FOREIGN KEY (COD_HOSPITAL) REFERENCES HOSPITALES(COD_HOSPITAL)
);



INSERT INTO DEPART VALUES (10, 'CONTABILIDAD', 'SEVILLA');
INSERT INTO DEPART VALUES (20, 'INVESTIGACION', 'MADRID');
INSERT INTO DEPART VALUES (30, 'VENTAS', 'BARCELONA');
INSERT INTO DEPART VALUES (40, 'PRODUCCION', 'BILBAO');


INSERT INTO EMPLE VALUES (7369, 'SANCHEZ', 'EMPLEADO', 7902, '1980-12-17' , 104000, NULL, 20);
INSERT INTO EMPLE VALUES (7499, 'ARROYO', 'VENDEDOR', 7698, '1980-02-20' , 208000, 39000, 30);
INSERT INTO EMPLE VALUES (7521, 'SALA', 'VENDEDOR', 7698, '1981-02-22' , 162500, 162500, 30);
INSERT INTO EMPLE VALUES (7566, 'JIMENEZ', 'DIRECTOR', 7839, '1981-02-04' , 389750, NULL, 20);
INSERT INTO EMPLE VALUES (7654, 'MARTIN', 'VENDEDOR', 7698, '1981-09-29' , 162500, 182000, 30);
INSERT INTO EMPLE VALUES (7698, 'NEGRO', 'DIRECTOR', 7839, '1981-05-01' , 370500, NULL, 30);
INSERT INTO EMPLE VALUES (7788, 'GIL', 'ANALISTA', 7566, '1981-11-09' , 390000, NULL, 20);
INSERT INTO EMPLE VALUES (7839, 'REY', 'PRESIDENTE', NULL, '1981-11-17' , 650000, NULL, 10);
INSERT INTO EMPLE VALUES (7844, 'TOVAR', 'VENDEDOR', 7698, '1981-09-08' , 195000, 0, 30);
INSERT INTO EMPLE VALUES (7876, 'ALONSO', 'EMPLEADO', 7788, '1981-09-23' , 143000, NULL, 20);
INSERT INTO EMPLE VALUES (7900, 'JIMENO', 'EMPLEADO', 7698, '1981-12-03' , 1235000, NULL, 30);
INSERT INTO EMPLE VALUES (7902, 'FERNANDEZ', 'ANALISTA', 7566, '1981-12-03' , 390000, NULL, 20);
INSERT INTO EMPLE VALUES (7934, 'MUÑOZ', 'EMPLEADO', NULL, '1982-01-23' , 169000, NULL, 10);


ALTER TABLE EMPLE ADD CONSTRAINT FK2_EMPLE FOREIGN KEY (DIR) REFERENCES EMPLE(EMP_NO);


INSERT INTO HERRAMIENTAS VALUES ('ALICATES', 1, 10);
INSERT INTO HERRAMIENTAS VALUES ('CORTADOR', 4, 5);
INSERT INTO HERRAMIENTAS VALUES ('DESTORNILLADOR', 3, 7);
INSERT INTO HERRAMIENTAS VALUES ('ESCOFINA', 6, 5);
INSERT INTO HERRAMIENTAS VALUES ('GUANTES', 2, 7);
INSERT INTO HERRAMIENTAS VALUES ('LIMA', 6, 10);
INSERT INTO HERRAMIENTAS VALUES ('MARTILLO', 3, 10);
INSERT INTO HERRAMIENTAS VALUES ('METRO', 5, 15);
INSERT INTO HERRAMIENTAS VALUES ('SIERRA', 4, 5);
INSERT INTO HERRAMIENTAS VALUES ('SOLDADOR', 1, 15);

INSERT INTO HOSPITALES VALUES (1, 'RAFAEL MENDEZ', 'GRAN VIA, 7', 250);
INSERT INTO HOSPITALES VALUES (2, 'REINA SOFIA', 'JUNTERONES, 5', 225);
INSERT INTO HOSPITALES VALUES (3, 'PRINCIPE ASTURIAS', 'AVENIDA COLON', 150);
INSERT INTO HOSPITALES VALUES (4, 'VIRGEN DE LA ARRIXACA', 'AVENIDA JUAN CARLOS, I', 250);

INSERT INTO PERSONAS VALUES ('12345678', 1, 'GARCIA HERNANDEZ, ELADIO', 'CONSERJE', 1500);
INSERT INTO PERSONAS VALUES ('22233311', 4, 'MARTINEZ MOLINA, GLORIA', 'MEDICO', 1600);
INSERT INTO PERSONAS VALUES ('22233322', 2, 'TRSITAN GARCIA, ANA', 'MEDICO', 1900);
INSERT INTO PERSONAS VALUES ('22233333', 2, 'MARTINEZ MOLINA, ANDRES', 'MEDICO', 1600);
INSERT INTO PERSONAS VALUES ('33222111', 4, 'MESA DEL CASTILLO, JUAN', 'MEDICO', 2200);
INSERT INTO PERSONAS VALUES ('55544411', 3, 'RUIZ HERNANDEZ, CARIDAD', 'MEDICO', 1900);
INSERT INTO PERSONAS VALUES ('55544412', 4, 'JIMENEZ JIMENEZ, DOLORES', 'MEDICO', 1200);
INSERT INTO PERSONAS VALUES ('55544433', 2, 'GONZALEZ MARIN, ALICIA', 'CONSERJE', 1200);
INSERT INTO PERSONAS VALUES ('66655544', 1, 'CASTILLO MONTES, PEDRO', 'MEDICO', 1700);
INSERT INTO PERSONAS VALUES ('87654321', 1, 'FUENTES BERMEJO, CARLOS', 'DIRECTOR', 2000);
INSERT INTO PERSONAS VALUES ('99988333', 3, 'SERRANO DIAZ, ALEJANDRO', 'DIRECTOR', 2400);

INSERT INTO MEDICOS VALUES ('22233311', 4, 'MARTINEZ MOLINA, GLORIA', 'PSIQUIATRA');
INSERT INTO MEDICOS VALUES ('22233322', 2, 'TRSTAN GARCIA, ANA', 'CIRUJANO');
INSERT INTO MEDICOS VALUES ('22233333', 2, 'MARTINEZ MOLINA, ANDRES', 'CIRUJANO');
INSERT INTO MEDICOS VALUES ('33222111', 4, 'MESA DEL CASTILLO, JUAN', 'DERMATOLOGO');
INSERT INTO MEDICOS VALUES ('66655544', 1, 'CASTILLO MONTES, PEDRO', 'PSIQUIATRA');
